{
  "base": "radian",
  "conversions": {
    "radian": [[0, 1], [0, 1]],
    "turn": [[0, 6.283185307179586], [0, 1]],
    "degree": [[0, 6.283185307179586], [0, 360]],
    "gradian": [[0, 6.283185307179586], [0, 400]]
  }
}
